评论,评分,日期
鞋子很轻，缓震不错，跑5公里脚不累,5,2026-09-28
颜值高，搭配衣服也好看，女朋友说不错,5,2026-09-27
包裹性很好，脚后跟不打滑，尺码标准,5,2026-09-27
物流很快，第二天就到了，包装完整,5,2026-09-26
回弹明显，日常慢跑性价比很高，值得推荐,5,2026-09-26
客服态度很好，换货处理很及时，满意,5,2026-09-25
鞋底很软，走路舒服，站一天也不累,5,2026-09-25
鞋面透气，夏天穿不闷脚，做工精细,5,2026-09-24
款式时尚，颜色正，朋友们都夸好看,5,2026-09-24
价格实惠，活动期间入手很划算，已经回购第二双,5,2026-09-23
抓地力强，下雨天也不滑，安全感足,5,2026-09-23
鞋子轻便，鞋带结实，细节处理到位,5,2026-09-22
尺码偏小，买正常码有点挤脚，建议拍大半码,3,2026-09-22
刚开始穿有点硬，踩开之后会好一些,4,2026-09-21
鞋面一般，透气性还行但不算特别出色,3,2026-09-21
颜色和图片有一点色差，不过可以接受,3,2026-09-20
鞋舌有点跑偏，跑步时需要停下来调整,3,2026-09-20
物流一般，三天才到，包装有点压皱,3,2026-09-19
鞋底耐磨程度有待观察，目前看着还行,4,2026-09-19
做工中规中矩，有一点线头但不影响穿,3,2026-09-18
鞋底太硬了，跑步震脚，缓震基本没有，失望,1,2026-09-18
严重磨脚，脚后跟磨破了，穿一次就不想穿,1,2026-09-17
开胶了，才穿两周就出现质量问题，生气,1,2026-09-17
尺码严重不准，偏大很多，退换货很麻烦,1,2026-09-16
发货慢，客服回复也慢，催了好几次才发货,2,2026-09-16
鞋子很重，跑起来拖沓，完全不适合长跑,1,2026-09-15
有异味，放了好几天还是刺鼻，担心材质,1,2026-09-15
下雨天鞋底打滑，差点摔跤，抓地太差,1,2026-09-14
鞋面容易起皱，穿两天就显旧，不值这个价,2,2026-09-14
鞋垫太薄，踩下去没什么支撑，膝盖不舒服,2,2026-09-13
鞋楦偏窄，宽脚慎拍，夹得脚趾疼,2,2026-09-13
降价太快，刚买完就降了五十，心里不平衡,2,2026-09-12
整体还不错，轻微溢胶，这个价位能接受,4,2026-09-12
通勤穿舒服，跑步没试过，款式喜欢,5,2026-09-11
包裹和回弹都满意，就是颜色选择太少,4,2026-09-11
